label	gender	profession	ideology_binary	ideology_multiclass	1	2	3	4	5	6	7	8	9	10	11	12	13	14
@user1	male	politician	left	moderate_left	0.006728945550461596	0.001941531118507819	0.0015791622181749673	0.01534541229667776	0.0027394335238334483	0.002173899390818313	0.0020727877912453683	0.0010189662751993972	0.0003438422407837719	0.001534572630785656	0.002529988067575206	0.0025029831061985806	0.002416944043207938	0.007154116686554043
@user10	male	journalist	right	moderate_right	0.0006565973748665452	0.0022527161966966027	0.0029630094831375998	0.0031947497330904987	0.0018922313634365385	0.0019054198329460528	0.008195691766626892	0.0035957420084155	0.002571437543176537	0.0025981284933743643	0.0006971048169314827	0.004108836274571375	0.0	0.01235037367330277
@user100	female	politician	left	moderate_left	0.0008713810211643535	0.0015967468441876527	0.0047654336494379205	0.008150160145701187	0.0017311436287131823	0.007518369653959681	0.0015226402059913334	0.0037709602461847643	0.008589775796018339	0.0010447151918608303	0.004176976700370533	0.0007288199459900773	0.0018846950951453868	0.0022599384538089557
@user105	male	politician	left	moderate_left	0.0044423161464548135	0.0021704452678515357	0.0012748853859197388	0.002616969164102242	0.0	0.0013728568737047038	0.007101990830873578	0.005223261948125353	0.003664510456572254	0.0014230986623123784	0.004903284556930227	0.0012792815424229104	0.009355963072285374	0.0006707278779124538
@user106	male	politician	right	moderate_right	0.0008249073667022545	0.007856245682346292	0.004414369151541794	0.001995227030082271	0.0019138981347735981	0.0028458833134459584	0.0032198706273943354	0.0032833008855115246	0.002170131256672738	0.002949192991270489	0.0012007787477234188	0.004010550775607611	0.0019349368837530613	0.004732776486842931
@user108	male	journalist	left	left	0.002372668466997425	0.0017986560321547448	0.0029843622432958613	0.0031284933743641274	0.0025042391509137725	0.0027570181498461346	0.0026678389750675125	0.002347861583872386	0.0026697230421403005	0.002563587263706588	0.0029466809018401053	0.0017295735728191921	0.002390253093010111	0.0070869182942912765
@user109	male	politician	left	left	0.013620548891540539	0.00299692269044778	0.002002135276015826	0.0013857313320354205	0.0028666080512466247	0.0030744834516108774	0.002483514413113107	0.0016667713370595995	0.0023827168247189602	0.002048608930477925	0.004551592036676506	0.001002637693901903	0.002483828424291905	0.0012704892294165674
@user110	female	politician	left	moderate_left	0.0013150788168058785	0.0018080763675186835	0.005446837907429504	0.00482729385166112	0.002356653896878729	0.0034723356151478988	0.003349557244237895	0.003747095396596119	0.009010236764428813	0.0	0.002599070526910758	0.0008965019154681906	0.0020448407963323495	0.0023497456509451735
@user112	female	politician	right	moderate_right	0.008886830371161213	0.001379451108459461	0.0006930226716071093	0.008158952458707529	0.008462287257426366	0.0007266218677384914	0.004030019468693085	0.00491207686993657	0.0003438422407837719	0.005178358349557244	0.0031724549393958423	0.001209257049550964	0.0017685109589901397	0.00068517239213716
@user113	male	politician	right	right	0.0007778056898825597	0.0011436287131821894	0.011202976825975004	0.002057401243484268	0.004853042768322552	0.004252653394460843	0.0024125478867047666	0.004784588331344596	0.0033888086415876408	0.0011031212711172518	0.0030584688814921813	0.0009545939835458141	0.0006980468504678767	0.004498210136280851
@user114	female	politician	left	left	0.005677636123846009	0.0037178923569679075	0.0015653457263078564	0.0006939647051435031	0.0013549582365132199	0.003288639075551089	0.006262638949946617	0.0045154807511147395	0.0030035169252025373	0.00231332035420461	0.00040413238711298124	0.003640645606983609	0.0033134459586761284	0.004669346228725743
@user117	male	politician	left	moderate_left	0.013309049802172958	0.003286755008478302	0.004548765936067324	0.001849525843120015	0.0018030521886579164	0.0008051246624379828	0.0021264837028198208	0.00206022734409345	0.0007853419581737109	0.0019751303146392013	0.003242165421088991	0.0008048106512591847	0.0	0.012048608930477926
@user118	female	politician	left	moderate_left	0.00450920052753878	0.007363876153991082	0.0018598882120203482	0.0021019908308735793	0.0014312629529611254	0.0007112353199773912	0.00885637128681781	0.0025582490736670224	0.0025036111285561763	0.0	0.003033033976009546	0.006584186397035734	0.0038755259687244864	0.0017481002323682725
@user12	female	politician	right	right	0.002860013816491867	0.001487784965144759	0.0026948439364441372	0.007183319726182252	0.003389750675124034	0.0033922627645544185	0.0010173962193054072	0.003419267725931043	0.005078188783520693	0.0027670665075676696	0.003067261194498524	0.0026518244049488163	0.0049221252276581045	0.0029868743327262455
@user120	male	politician	left	left	0.0012532186145826792	0.0011784839540287635	0.01315738240281354	0.002065251522954217	0.0022360736042203104	0.0018278590717829557	0.002238585693650694	0.002744457702694216	0.01032091942473152	0.0008296175343842241	0.0024417509263329777	0.0007445205049299755	0.0030754254851472714	0.002424794322677887
@user122	male	journalist	right	right	0.000306788921685612	0.005056522012183634	0.0002659674684418765	0.00037681341455755824	0.0	0.009130503045908435	0.0003240595365195001	0.007730327199648306	0.0016228097720278843	0.0003557746655780946	0.0	0.01522671607109213	0.0023795767129309803	0.0003130691452615713
@user124	female	politician	right	right	0.0006019594297556992	0.0037477234189537147	0.0018809269609998114	0.0035794134271180055	0.003117188971927401	0.002932550398794197	0.008902530930101113	0.006427180807636752	0.001984864661181938	0.001164667462161653	0.0025774037555736985	0.005204107266218677	0.002112981222131508	0.0002998806757520568
@user125	male	politician	right	moderate_right	0.004918357093512529	0.010257489166614332	0.0018090184010550773	0.002960811404886014	0.0007115493311561892	0.004339948502166678	0.00467280035169252	0.0030704013062865035	0.0	0.004967028826226213	0.004241663003202914	0.00037649940337876033	0.0003714752245179928	0.0018184387364190164
@user126	male	journalist	left	left	0.0013923255667901778	0.0024875965584374806	0.001263266972304214	0.005261571311938705	0.0009759467437040758	0.0075174276204232875	0.001335489543427746	0.002401557495446838	0.002679457388683037	0.00027758588205740125	0.000992903347359166	0.00729008352697356	0.0006911386045343215	0.0011511649814733404
@user127	female	politician	left	moderate_left	0.006126358098348302	0.0034048232117063365	0.0025739496326069207	0.005926960999811593	0.0023613640645606983	0.001743076053507505	0.005182754506060416	0.0019792124599635748	0.004527413175909063	0.0015195000942033537	0.005618288011053194	0.0018931733969729323	0.002047666896941531	0.0017141870250580921
@user128	female	politician	left	moderate_left	0.0215895245870753	0.008636563461659235	0.0007109213087985932	0.002308924197701438	0.0011775419204923694	0.0009951014256107517	0.0016557809458016706	0.001678075739496326	0.001705708723230547	0.003233373108082648	0.001099981159329272	0.004142749481881556	0.0003498084531809332	0.0006543992966149595
@user129	male	politician	right	moderate_right	0.0017958299315455634	0.004294416881240971	0.00377158826854236	0.001317590906236262	0.005657225397224142	0.002203416441625322	0.004413741129184199	0.0025419204923695284	0.0019242605036739306	0.0026866796457953902	0.0020015072536582303	0.003471707592790303	0.0025089493185957417	0.00281636626263895
@user13	female	journalist	left	left	0.0019625698674872825	0.0017732211266721096	0.0027118005400992274	0.007055831187590277	0.0009596181624065816	0.0028317528104000508	0.0008990140048985743	0.003020159517678829	0.0061800540099227535	0.0018542360108019847	0.0044708911637254285	0.006965395968096464	0.0013383156440369278	0.0014205865728819946
@user130	male	politician	right	moderate_right	0.010394084029391447	0.006563147648056271	0.0044077749167870375	0.002361992086918294	0.0045660365509012125	0.0013201029956666456	0.002533442190541983	0.004412799095647805	0.0	0.0029551592036676506	0.0018793569051058219	0.0019113860453432144	0.00113734848960623	0.0037310808264774224
@user134	male	politician	right	right	0.003865477611002952	0.0006675877661244741	0.0045704327074043835	0.0017725931043145134	0.003494002386484959	0.0035338818061923004	0.0025931043145135967	0.005296740563964077	0.00621302518369654	0.0029925265339446087	0.001523268228348929	0.0018702505809206807	0.0018206368146706023	0.007170445267851536
@user135	male	politician	right	moderate_right	0.004880675752056773	0.004178860767443321	0.0015546693462287257	0.0010428311247880422	0.0015242102618853231	0.00432864409972995	0.004028763423977893	0.002849651447591534	0.0017349117628587577	0.0067126169691641025	0.0036045343214218422	0.0016997425108333858	0.003346417132449915	0.0027686365634616594
@user136	female	politician	right	moderate_right	0.0020238020473528854	0.007706148338880864	0.0029529611254160647	0.0032641462036048486	0.003340764931231552	0.0024166300320291405	0.0018171826917038247	0.005780631790491741	0.0017606606795201908	0.0019010236764428813	0.002247063995478239	0.0032974313885574323	0.002237957671293098	0.005944545625824279
@user137	female	politician	left	moderate_left	0.0035238334484707654	0.012747911825660993	0.0	0.01037649940337876	0.0	0.000974690698988884	0.002876970420146957	0.005947057715254662	0.0011203918859511398	0.0018595742008415503	0.001957231677447717	0.0025927903033347985	0.0011580732274068957	0.0
@user138	female	politician	left	moderate_left	0.001961627833950889	0.00216667713370596	0.0026395779689756954	0.004894806255102682	0.0008566224957608491	0.004971110971550587	0.004620674496012058	0.004362557307040131	0.016050681404257992	0.0	0.0019230044589587391	0.0017992840545123406	0.0	0.0025513408277334673
@user141	male	politician	right	moderate_right	0.016490297054575144	0.0021619669660239904	0.005360170822081266	0.002273440934497268	0.00487188343905043	0.0006421528606418388	0.004987439552848081	0.0014934371663631227	0.0012783395088865161	0.0010265025434905482	0.0017634867801293727	0.0012645230170194059	0.0004462098850719086	0.002203416441625322
@user142	male	politician	left	moderate_left	0.00385951139860579	0.018071343339822896	0.00045500219807825164	0.0010136280851598316	0.00040790052125855677	0.00037775544809395215	0.0007822018463857314	0.0060035797274382964	0.0003498084531809332	0.00864661181938077	0.0006930226716071093	0.009042579915845004	0.0003328518495258431	0.0
@user143	male	journalist	left	left	0.002653394460842806	0.0020341644162532183	0.002698926081768511	0.003908183131319475	0.0018897192740061548	0.004886955975632733	0.0012761414306349307	0.004664322049864975	0.003816177855931671	0.002573321610249325	0.0010293286440997299	0.004448596370030773	0.004671230295798531	0.003412673491176286
@user144	male	politician	left	left	0.0033018275450606045	0.002165735100169566	0.006388557432644602	0.00445362054889154	0.0017449601205802928	0.002293851661119136	0.003238083275764618	0.004464296928970671	0.0017236073604220312	0.0010767443320982225	0.0026310996671481506	0.0003834076493123155	0.003916347421968222	0.0077475978144821945
@user145	female	politician	left	left	0.003325064372291653	0.0014469635119010236	0.0004273692143440307	0.017094768573761226	0.0003498084531809332	0.0023974753501224645	0.0011517930038309364	0.0015201281165609494	0.0047613515041135465	0.0026568485838095834	0.0014180744834516108	0.00474533693399485	0.0042510833385668535	0.0035888337624819444
@user146	male	politician	left	left	0.0031708848835018525	0.0031608365257803175	0.0003498084531809332	0.01689662751993971	0.002113295233310306	0.0023302769578596996	0.0011480248696853607	0.0007153174653017648	0.00028951830685172394	0.0058223952772718714	0.0034384224078377193	0.002167305156063556	0.0029303523205426113	0.002282861269861207
@user148	female	politician	left	left	0.007456195440557684	0.00306788921685612	0.0069440432079382036	0.001444765433649438	0.002113609244489104	0.0019540915656597376	0.003042140300194687	0.001444765433649438	0.005580606669597438	0.0008443760597877284	0.007321484644853356	0.0007272498900960875	0.00332255228286127	0.0019569176662689192
@user15	male	journalist	left	left	0.0010299566664573258	0.0014912390881115366	0.002100106763800791	0.0006355586258870816	0.000810776863656346	0.004360359228788546	0.0	0.0072759530239276515	0.005215411668655404	0.0029589273378132263	0.0010613577843371226	0.01133486152107015	0.005579978647239842	0.0
@user152	male	journalist	left	left	0.011402373924511714	0.0012280977202788418	0.0007633611756578535	0.0030873579099415945	0.0002926584186397036	0.007068391634742196	0.0010528794825095773	0.001138604534321422	0.0032779626954719593	0.00366513847892985	0.0013103686491239088	0.00730861018652264	0.0022624505432393394	0.0008333856685297997
@user154	female	politician	right	moderate_right	0.0012494504804371036	0.004115430509326132	0.0044972681027444575	0.0033539534007410664	0.0008773472335615146	0.0034789298499026573	0.0027064623500596624	0.006290271933680839	0.0008092068077623566	0.00263423977893613	0.0005536017082208126	0.004193619292846825	0.0006682157884820699	0.0018209508258494001
@user155	male	politician	right	moderate_right	0.0034139295358914775	0.0010142561075174275	0.0025651573196005775	0.0023309049802172953	0.004914902970545752	0.0021340199711109716	0.008299943477987817	0.005757394963260692	0.0016981724549393958	0.0008286755008478302	0.0028326948439364443	0.0011235319977391195	0.001075174276204233	0.010808264774225963
@user157	female	politician	right	moderate_right	0.0013609244489103812	0.0006346165923506877	0.001481190730390002	0.0032594360359228794	0.003217672549142749	0.006327011241600201	0.006294354079005212	0.0007065251522954218	0.0015091377253030206	0.0026320417006845446	0.0003143251899767631	0.0006242542234503549	0.002103560886767569	0.0030751114739684736
@user158	male	politician	right	right	0.0003328518495258431	0.00043553350499277773	0.004119826665829303	0.0014309489417823275	0.0018724486591722668	0.0065964328330088565	0.00435031087106701	0.0062412861897883564	0.006490297054575143	0.0013998618350813288	0.0007793757457765496	0.005613891854550022	0.0007172015323745525	0.005177416316020851
@user159	female	politician	left	left	0.0021327639263957797	0.000676380079130817	0.0010805124662437984	0.011795829931545562	0.005274445770269421	0.00679488789800917	0.0022247692017835835	0.0006565973748665452	0.0032719964830747973	0.0018021101551215224	0.0035291716385103316	0.0022348175595051185	0.002110783143879922	0.0032939772655906545
@user16	female	politician	left	left	0.004065502731897255	0.0018721346479934687	0.002682911511649815	0.002326194812535326	0.0018853231175029834	0.003980405702443008	0.0021399861835081327	0.005225146015198141	0.002534384224078377	0.0008032405953651951	0.0014438234001130442	0.0020341644162532183	0.003029579853042768	0.003230547007473466
@user161	male	politician	right	moderate_right	0.0020731018024241665	0.0018448156754380454	0.008773158324436349	0.002207184575770897	0.002895497079696037	0.003424605915970609	0.0032123343591031837	0.005243986685926018	0.00422376436601143	0.0015515292344407462	0.002826100609181687	0.0	0.0016560949569804685	0.006606481190730389
@user162	female	journalist	left	left	0.003086101865226402	0.003217672549142749	0.004559756327325253	0.005565848144193933	0.0008048106512591849	0.006288073855429253	0.0019500094203353641	0.0023400113044024368	0.005495509640143189	0.00029642655278527916	0.005424229102556051	0.0014020599133329147	0.002903661370344784	0.004005840607925642
@user164	male	journalist	left	left	0.0011065753940840293	0.0002760158261634114	0.0029931545563022044	0.007027570181498462	0.0024882245807950763	0.006812786535200653	0.0019804685046787666	0.0019314827607862838	0.0035800414494756012	0.003290523142623877	0.0010130000628022359	0.0025695534761037493	0.003461031212711173	0.003823086101865226
@user165	female	politician	left	moderate_left	0.003292093198517867	0.0012529046034038811	0.0019741882811028072	0.005823023299629467	0.0007818878352069333	0.0020168938014193303	0.01092915907806318	0.0013326634428185644	0.006853921999623187	0.0008745211329523332	0.007510519374489732	0.0018737047038874582	0.0006713559002700496	0.00410035797274383
@user166	female	politician	right	moderate_right	0.011323557118633424	0.0017886076744332098	0.0013549582365132199	0.0006722979338064436	0.011762544746592978	0.0014670602273440935	0.009383910067198393	0.0002659674684418765	0.000298310619858067	0.0038607674433209825	0.0017842115179300387	0.00038215160459712373	0.0006440369277146266	0.0010170822081266091
@user167	male	politician	left	moderate_left	0.0	0.01102775858820574	0.0011690636186648244	0.0006311624693839101	0.00104628524775482	0.0036519500094203353	0.0007432644602147837	0.01589398982603781	0.0037762984362243288	0.000306788921685612	0.0010585316837279407	0.003847578973811468	0.0010104879733718519	0.0003498084531809332
@user168	female	politician	left	moderate_left	0.00336117565785342	0.011359982415373988	0.0010503673930791935	0.0036544620988507187	0.0017801293726056645	0.0003240595365195001	0.00921151793003831	0.0011439427243609872	0.0006336745588142939	0.0025975004710167677	0.006380393141995855	0.001469572316774477	0.0023450354832632043	0.0019138981347735981
@user169	male	politician	left	moderate_left	0.0054710167681969474	0.006996483074797463	0.0009056082396533316	0.0017644288136657667	0.0010186522640205993	0.0009165986309112604	0.004612196194184512	0.0031382277209068645	0.0004769829805941092	0.00873767506123218	0.006281793631853294	0.0010597877284431326	0.0019723042140300196	0.0007470325943603592
@user17	male	politician	left	left	0.0014689442944168813	0.0007043270740438359	0.0043996106261382905	0.0028483954028763426	0.0013932676003265716	0.002079696037178924	0.0019164102242039815	0.006217421340199711	0.00912987502355084	0.002084092193682095	0.0014943791998995163	0.004384538089555988	0.003584123594799975	0.007340639326760033
@user175	female	politician	left	moderate_left	0.0032308610186522636	0.009401808704389876	0.0007168875211957546	0.0003124411229039754	0.001387615399108208	0.0010751742762042328	0.0017345977516799599	0.006071092130879859	0.002210952709916473	0.0031404257991584504	0.0016473026439741256	0.010508070087295108	0.001688124097217861	0.0007442064937511776
@user176	male	politician	right	moderate_right	0.003932676003265716	0.008079821641650444	0.006616215537273128	0.0032189285938579422	0.003746153363059725	0.0023309049802172953	0.009248885260315268	0.0003300257489166614	0.001021478364629781	0.0006817182691703825	0.003884004270552032	0.0005906550273189725	0.0015823023299629466	0.0009150285750172706
@user177	male	politician	left	left	0.004009922753250015	0.0013678326948439365	0.004516736795829931	0.0007156314764805627	0.0031049425359542804	0.0027146266407084094	0.0015085097029454249	0.0021142372668467	0.0077472838033033975	0.0007887960811404885	0.005484519248885261	0.0011844501664259248	0.006980154493499969	0.005319663380016328
@user178	male	journalist	right	right	0.001338629655215726	0.00911417446461094	0.0016815298624631035	0.0013697167619167244	0.003050618602022232	0.004852100734786158	0.0019248885260315267	0.0041801168121585125	0.003840670727877913	0.003274194561326383	0.0004195189348740815	0.00356779501350248	0.0025547949507002455	0.0003664510456572254
@user179	male	politician	left	moderate_left	0.0037379890724109775	0.0049990579664636065	0.0024169440432079384	0.003462601268605162	0.002788733278904729	0.0032682283489292216	0.0034519248885260313	0.0017537524335866357	0.0031178169942849966	0.00585034227218489	0.0021374740940777494	0.0025202537210324686	0.001038748979463669	0.0017210952709916475
@user180	male	journalist	right	moderate_right	0.00022420398166174716	0.016202348803617407	0.0012221315078816805	0.0008974439490045846	0.000650003140111788	0.004339320479809081	0.0003130691452615713	0.00317433900646863	0.001930854738428688	0.0005884569490673869	0.0	0.005144759153425862	0.0023158324436349936	0.0
@user181	female	politician	left	moderate_left	0.0031894115430509324	0.006287445833071657	0.0024386108145449978	0.00261728317528104	0.0	0.0006098097092256484	0.0060823965333165865	0.006730829617534384	0.013787288827482258	0.0007420084154995918	0.004050430195314953	0.0027422596244426303	0.001686554041323871	0.0003328518495258431
@user182	male	politician	left	left	0.0018614582679143377	0.0016017710230484205	0.005614519876907618	0.0014359731206430948	0.0027739747535012243	0.005473214846448533	0.002885448721974502	0.00433335426741192	0.0034198957482886386	0.001528606418388495	0.001963197889844878	0.0006883125039251397	0.004192049236952836	0.005241788607674433
@user186	female	politician	right	moderate_right	0.00258336996797086	0.004122338755259687	0.0017339697293223641	0.0010158261634114175	0.00283489292218803	0.0017286315392827983	0.00683194121710733	0.003053130691452615	0.0038409847390567103	0.003762795955536017	0.0028710042077497956	0.0039301639138353325	0.0007834578911009232	0.005931043145135967
@user188	male	politician	left	moderate_left	0.0035018526659549077	0.011627205928531056	0.003680211015512152	0.001091502857501727	0.0	0.0	0.0007178295547321484	0.016529548451924888	0.0014086541480876718	0.0018878352069333665	0.0037492934748477045	0.005911888463229291	0.0008428060038937387	0.0
@user189	male	journalist	left	moderate_left	0.0017980280097971487	0.00178703761853922	0.005918796709162846	0.0026562205614519877	0.002844941279909565	0.003990454060164542	0.008244677510519374	0.0008465741380393141	0.0009137725303020788	0.001289643911323243	0.001056019594297557	0.004569176662689192	0.0013986057903661372	0.006358726370658795
@user19	female	politician	left	left	0.0017025686114425674	0.002117691389813477	0.0034286880612949826	0.009377315832443636	0.0013395716887521195	0.003294291276769453	0.0010889907680713433	0.0030311499089367582	0.0066212397161338945	0.0009991835709351252	0.0030804496640080385	0.002149406518872072	0.002709602461847642	0.0032619481253532622
@user191	male	politician	right	moderate_right	0.0031762230735414183	0.010379639515166739	0.0027212208754631667	0.004077749167870376	0.0009828549896376312	0.0017204672486340515	0.004885071908559945	0.003061294982101363	0.0	0.004281542422910256	0.0017179551592036678	0.005320291402373924	0.0013244991521698174	0.0010591597060855364
@user192	female	politician	right	moderate_right	0.003825284180116812	0.018683351127300133	0.004134585191232808	0.0010798844438862022	0.0017980280097971487	0.00194906738679897	0.004266783897506752	0.003287697042014696	0.00044118570621114113	0.002316774477171387	0.0008035546065439929	0.0022332475036111288	0.002201532374552534	0.001111913584123595
@user193	male	politician	left	moderate_left	0.0019211203918859513	0.0017141870250580921	0.001337059599321736	0.013584437605978774	0.0009693525089493184	0.004292532814168184	0.004207749795892734	0.0037935690510582172	0.0030791936192928466	0.002193368083903787	0.0034233498712554168	0.0010588456949067386	0.0024527413175909063	0.005395026062927841
@user194	female	politician	left	moderate_left	0.003313131947497331	0.006118821830057149	0.0009621302518369653	0.001995227030082271	0.0017484142435470703	0.0006983608616466746	0.0	0.010401620297682598	0.006786409596181623	0.007931922376436602	0.0031127928154242286	0.0006035294856496892	0.00272530302078754	0.003166174715819883
@user195	male	politician	left	moderate_left	0.00458016705394712	0.0066900081642906496	0.003415185580606669	0.004864347170759279	0.002076241914212146	0.0015713119387050175	0.0020175218237769264	0.0027130565848144197	0.001849839854298813	0.0031652326822834897	0.004067072787791245	0.001948753375620172	0.0019387050178986368	0.00168058782892671
@user196	female	politician	left	moderate_left	0.0038884004270552026	0.003975067512403442	0.0025959304151227784	0.0013332914651761603	0.0	0.0014287508635307416	0.002709602461847642	0.007748225836839791	0.0015986309112604408	0.000911888463229291	0.0022954217170131257	0.0	0.01562990642466872	0.0022382716824718963
@user198	male	politician	left	moderate_left	0.007381774791182566	0.009441688124097219	0.0007482886390755511	0.004338378446272687	0.0007564529297242981	0.0032308610186522636	0.0020891163725428622	0.0	0.00029171638510330967	0.00297682597500471	0.0006565973748665452	0.0016394523645041762	0.01148307479746279	0.0
@user20	male	journalist	left	left	0.001489041009859951	0.0034101614017459027	0.002181749670288262	0.002999120768699366	0.0002772718708786033	0.0027560761163097406	0.001291841989574829	0.004628524775482007	0.003547384286880613	0.0009539659611882184	0.0013894994661809961	0.009804057024430069	0.0016278339508886514	0.00220216039691013
@user201	female	politician	left	left	0.0006305344470263142	0.0016111913584123596	0.0008921057589650193	0.028663882434214655	0.0008004144947560134	0.0013414557558249073	0.0003827796269547196	0.0015000314011178798	0.0018551780443383783	0.0018884632292909631	0.0026951579476229355	0.0018730766815298625	0.006542736921434403	0.00033253783834704515
@user202	male	politician	right	moderate_right	0.020248068831250392	0.001129184198957483	0.001409282170445268	0.005540727249890096	0.007164793066633172	0.0016893801419330529	0.0038271682471895992	0.0005212585568046223	0.0007567669409030962	0.0027315832443634996	0.00042171701312566733	0.0014322049864975194	0.0003017647428248446	0.0010607297619795264
@user204	male	journalist	right	moderate_right	0.004612196194184512	0.0041697544432581805	0.003289581109087484	0.0023585379639515167	0.00375620172078126	0.0013960937009357534	0.002193682095082585	0.007638635935439301	0.0037891728945550467	0.002324938767820134	0.002029140237392451	0.0024502292281605225	0.002343465427369214	0.002129309803429002
@user206	female	journalist	left	moderate_left	0.0007696413992338127	0.0027165107077811966	0.0006817182691703825	0.004893236199208692	0.002200276329837342	0.0033162720592853105	0.0027667524963888713	0.000658481441939333	0.0021387301387929413	0.002046096841047541	0.0008088927965835583	0.004392702380204736	0.0015753940840293917	0.008252213778810526
@user207	female	journalist	left	left	0.0012676631288073856	0.0031799912076869935	0.00283018275450606	0.009669032217546945	0.0012974941907931924	0.004474031275513408	0.0006032154744708911	0.007026942159140865	0.0024778622118947435	0.001444765433649438	0.0003498084531809332	0.006282735665389687	0.0010736042203102428	0.0018218928593857942
@user211	male	journalist	right	moderate_right	0.0029542171701312566	0.004129875023550839	0.0005727563901274885	0.005574954468379073	0.0015078816805878291	0.0022564843308421783	0.002704264271808076	0.003937700182126484	0.0074097217860955855	0.0018404195189348743	0.000306788921685612	0.00573133203542046	0.0006063555862588708	0.0017666268919173523
@user212	female	politician	left	left	0.002439552848081392	0.004369465552973685	0.0029670916284619733	0.0024797462789675315	0.002058343277020662	0.0015920366765056835	0.0011483388808641588	0.006530804496640081	0.009315455630220435	0.0006974188281102808	0.005789424103498084	0.00153394460842806	0.00410946429692897	0.0019164102242039815
@user213	female	politician	left	moderate_left	0.0015584374803743013	0.0035803554606543995	0.002705520316523268	0.002718708786032783	0.0011995227030082271	0.0058651007975883945	0.0017411919864347171	0.004846448533567796	0.00652012811656095	0.0003224894806255103	0.004812849337436412	0.0026323557118633424	0.0025199397098536708	0.003954656785781574
@user215	male	journalist	right	right	0.0008905357030710293	0.004794322677887332	0.00364661181938077	0.0025067512403441562	0.0014322049864975194	0.003918859511398606	0.00137191484016831	0.0028116560949569803	0.0037700182126483702	0.0014579539031589525	0.00038215160459712373	0.005491427494818816	0.002039816617471582	0.001356842303586008
@user217	male	politician	left	moderate_left	0.005673553978521636	0.0052593732336871195	0.00547980908120329	0.0035706211141116623	0.002503925139734974	0.0007102932864409973	0.00892765182440495	0.0010544495384035672	0.0043443446586698495	0.00070526910758023	0.0032368272310494255	0.0010117440180870438	0.0006700998555548576	0.0032729385166111913
@user218	male	politician	left	left	0.00308484582051121	0.001886893173396973	0.0012177353513785091	0.0018897192740061548	0.004526157131193871	0.0021085850656283366	0.00113577843371224	0.001581046285247755	0.0020702757018149845	0.0019807825158575645	0.003178107140614206	0.0032252088174339	0.00960780003768134	0.008637819506374426
@user220	male	politician	left	moderate_left	0.0017079068014821328	0.0006041575080072851	0.0022210010676380083	0.007780568988255983	0.003958738931105947	0.0027570181498461346	0.0020988507190855994	0.00032751365948627774	0.0053997362306098095	0.0019763863593543927	0.004519248885260316	0.001236262010927589	0.0017886076744332098	0.018507190855994473
@user221	female	journalist	left	moderate_left	0.0008044966400803868	0.0005677322112667211	0.0009599321735853795	0.010053067889216855	0.002087546316648873	0.004711737737863468	0.0015942347547572696	0.003815235822395277	0.0026838535451862086	0.0003300257489166614	0.0005733844124850844	0.007119889468065063	0.002535954279972367	0.002419142121459524
@user223	male	politician	right	moderate_right	0.009622558563084846	0.0026672109527099168	0.004286252590592225	0.008480499905796647	0.0022382716824718963	0.0021895999497582113	0.0018382214406832886	0.0025274759781448216	0.0007272498900960875	0.0010359228788544873	0.0019515794762293539	0.0010579036613703448	0.002338755259687245	0.0046718583181561265
@user225	male	journalist	left	left	0.0023516297180179615	0.0010434591471456384	0.0013587263706587953	0.0021252276581046285	0.002982792187401871	0.0039565408528543615	0.0010958990140048986	0.0070705897129937825	0.013648809897632353	0.0043082333731080825	0.0011037492934748477	0.0036532060541355268	0.0017597186459837972	0.00243201657979024
@user226	female	politician	right	moderate_right	0.0016322301073918232	0.0019657099792752624	0.0014915530992903347	0.0056864284368523515	0.002053633109338692	0.006375368963135087	0.007023802047352886	0.002187401871506626	0.001670539471205175	0.0037634239778936134	0.004458016705394712	0.0015201281165609496	0.0029915845004082147	0.0029793380644350938
@user228	male	politician	right	moderate_right	0.006125416064811908	0.0	0.003279532751365948	0.001489983043396345	0.007163223010739182	0.0017531244112290398	0.005167681969478113	0.004167242353827797	0.0011404886013942097	0.0027388055014758526	0.0004462098850719086	0.0003385040507442065	0.0	0.013599510142561074
@user23	female	politician	left	moderate_left	0.006926772593104315	0.007615399108208253	0.001850781887835207	0.0020492369528355213	0.003219556616215538	0.004010236764428813	0.002267788733278905	0.0038557432644602146	0.000740124348426804	0.0036186648244677516	0.003082019719902029	0.0026825975004710167	0.0028860767443320986	0.001010173962193054
@user235	female	politician	left	moderate_left	0.007083150160145701	0.013276392639577968	0.0016061671795515918	0.008133517553224895	0.0006748100232368273	0.0007548828738303084	0.0009637003077309551	0.0022250832129623813	0.00227783709100044	0.005276015826163411	0.001958801733341707	0.0030261257300759907	0.002010927589022169	0.0003557746655780946
@user236	female	politician	left	moderate_left	0.0031275513408277333	0.006963511901023677	0.0018919173522577402	0.004399296614959493	0.0009985555485775295	0.0029221880298938648	0.0017440180870438987	0.0024291904791810593	0.001542422910255605	0.004690698988884004	0.0068526659549079955	0.0003124411229039754	0.0019509514538717577	0.0036415876405200024
@user237	male	journalist	right	moderate_right	0.0003557746655780946	0.0022410977830810775	0.0029369465552973686	0.006519500094203354	0.004207749795892734	0.006091188846322929	0.0017399359417195252	0.0007285059348112792	0.0021368460717201532	0.0013486780129372605	0.0004097845883313446	0.003484268039942222	0.001633486152107015	0.007289141493437166
@user239	female	politician	right	moderate_right	0.004585191232807888	0.0052188657916221815	0.003341392953589148	0.0013803931419958551	0.00283018275450606	0.0023186585442441753	0.0031539282798467624	0.0015895245870752998	0.0006361866482446775	0.005300508698109653	0.004709539659611882	0.0019452992526533945	0.0007212836776989261	0.004334610312127112
@user24	female	politician	right	right	0.003827482258368398	0.0015612635809834831	0.006050053381900396	0.0023067261194498526	0.008022357595930415	0.0037317088488350186	0.0019176662689191738	0.0025689254537461536	0.006858318156126357	0.003792627017521824	0.0008192551654838913	0.0013141367832694842	0.0024153739873139482	0.001713559002700496
@user242	female	journalist	left	left	0.002816052251460152	0.0008603906299064247	0.0033363687747283806	0.0021355900270049613	0.004024995289832318	0.004074609056082397	0.004757269358789173	0.0012704892294165674	0.005781887835206933	0.0028543616152735037	0.0023488036174087795	0.00256641336431577	0.002381774791182566	0.005682660302706777
@user244	female	journalist	left	moderate_left	0.0012246435973120643	0.002880424543113735	0.001120077874772342	0.0023123783206682154	0.0018388494630408843	0.0026694090309615018	0.0016020850342272186	0.0018931733969729323	0.002231991458895937	0.0010632418514099104	0.0002760158261634114	0.0034748477045782834	0.0024138039314199585	0.001110971550587201
@user245	female	politician	left	moderate_left	0.009042265904666206	0.005961816240658168	0.002957357281919236	0.005285436161527351	0.0016812158512843056	0.0014749105068140426	0.0030725993845380894	0.002210952709916473	0.0012394021227155685	0.0027501099039125795	0.0029093135715631477	0.003159580481065126	0.0035913458519123277	0.002397161338943666
@user246	male	politician	left	moderate_left	0.006859888212020348	0.0058264774225962445	0.0010827105444953839	0.004885071908559945	0.0011700056522012184	0.0006879984927463418	0.0018435596307228535	0.005693336682785907	0.001019908308735791	0.016641964453934562	0.0031511021792375807	0.0010437731583244365	0.0022392137160082903	0.0006939647051435031
@user247	female	politician	right	moderate_right	0.0017694529925265338	0.004535263455379012	0.0014052000251208944	0.003306223701563776	0.0032632041700684546	0.0074568234629152795	0.0014516736795829933	0.008119387050178986	0.002426678389750675	0.0069383910067198394	0.0010139420963386297	0.0043386924574514854	0.0007416944043207938	0.0022313634365383407
@user249	male	politician	left	left	0.00032154744708911637	0.0010158261634114175	0.002741945613263832	0.0025500847830182754	0.0021556867424480314	0.008370595993217359	0.01187778684921183	0.0025208817433900643	0.002877912453683351	0.0023597940086667085	0.0018897192740061548	0.000632104502920304	0.002065251522954217	0.0037147522451799284
@user25	male	politician	right	right	0.0006076116309740627	0.00032751365948627774	0.0017060227344093452	0.021258870815801044	0.0047575833699679704	0.005139734974565094	0.0017572065565534133	0.0011495949255793507	0.001668341392953589	0.0012485084469007098	0.001853293977265591	0.0032939772655906545	0.0012924700119324247	0.0009831690008164293
@user250	male	politician	left	moderate_left	0.004250141305030459	0.009157822018463857	0.0031677447717138726	0.0030779375745776548	0.0010717201532374552	0.001588268542360108	0.0018196947811342083	0.004745022922816052	0.003991710104879733	0.0003658230232996295	0.005239590529422848	0.0006958487722162909	0.003061294982101363	0.005394712051749042
@user251	female	politician	left	moderate_left	0.00033379388306223703	0.0010582176725491429	0.002861897883564655	0.003330088551152421	0.00036613703447842743	0.000732274068956855	0.001353702191798028	0.00608804873453495	0.019263329774539973	0.0015653457263078564	0.006946869308547384	0.0	0.0018576901337687623	0.004919299127048923
@user252	female	politician	right	moderate_right	0.009080889279658355	0.0	0.0073412673491176274	0.004376373798907241	0.005522828612698612	0.0014824467751051935	0.002994724612196194	0.0026028386610563335	0.0032763926395779686	0.0020715317465301764	0.0009376373798907241	0.0	0.0005030459084343403	0.011180996043459148
@user253	female	politician	left	moderate_left	0.0027934434465866982	0.006766940903096151	0.002007473466055392	0.00502920303962821	0.001685612007787477	0.0023689003328518496	0.0035272875714375427	0.0006091816868680525	0.0042614457074671855	0.0032986874332726246	0.0033517553224894805	0.00391666143314702	0.0006858004144947561	0.0021085850656283366
@user258	male	politician	left	moderate_left	0.003512215034855241	0.005819569176662689	0.002252402185517805	0.005197827042642718	0.0029297242981850156	0.00434874081517302	0.001334233498712554	0.0025384663694027506	0.0014764805627080324	0.008359291590780632	0.0017204672486340515	0.002373296489355021	0.0024411229039753815	0.0032170445267851533
@user259	male	politician	right	moderate_right	0.002916535828675501	0.0031184450166425923	0.0009891352132135904	0.0032848709414055144	0.0024781762230735413	0.0017119889468065065	0.0040278213904414994	0.0072150348552408455	0.003494316397663757	0.004394900458456321	0.0010886767568925454	0.005325001570055893	0.001487784965144759	0.002426678389750675
@user26	male	politician	right	moderate_right	0.0063791370972806636	0.008359291590780632	0.0047776800854110405	0.0055846888149218114	0.0018708786032782768	0.0017851535514664322	0.0008088927965835583	0.0019465552973685866	0.0003438422407837719	0.0016507567669409033	0.0014205865728819946	0.0003328518495258431	0.002979652075613892	0.009660867926898197
@user261	male	politician	left	left	0.002981222131507882	0.001760346668341393	0.0036205488915405392	0.0011756578534195818	0.0007102932864409973	0.004867801293726057	0.0028549896376311	0.007977453997362305	0.005161087734723356	0.0012865037995352636	0.0029360045217609746	0.00104628524775482	0.001300006280223576	0.008057212836776989
@user262	male	politician	right	right	0.0005840607925642153	0.001876844815675438	0.0022866294040067825	0.002364504176348678	0.0007203416441625321	0.013284556930226715	0.005593167116749357	0.002275639012748854	0.0031796771965081957	0.0029843622432958613	0.0003774414369151542	0.0027997236701626576	0.0016045971236576023	0.004079947246121963
@user263	female	politician	right	moderate_right	0.0006798342020975948	0.000640268793569051	0.0025648433084217797	0.004906424668718206	0.0015876405200025122	0.0020756138918545503	0.005173020159517678	0.0037323368711926147	0.005318093324122339	0.0012189913960937008	0.0051902907743515666	0.0006515731960057778	0.010019468693085475	0.0009363813351755323
@user264	female	politician	right	moderate_right	0.0006842303586007661	0.0043308421779815354	0.0025566790177730327	0.0009593041512277837	0.0008738931105947371	0.0029030333479871883	0.0034051372228851347	0.016172831752810403	0.005082270928845067	0.0006961627833950889	0.0006653896878728882	0.0009869371349620047	0.002361992086918294	0.003795453118131006
@user265	male	politician	left	moderate_left	0.004171010487973372	0.0032424794322677883	0.0027811970106135777	0.0035558625887081585	0.0022269672800351694	0.0016014570118696226	0.004149029705457514	0.0025384663694027506	0.002757960183382528	0.006087734723356152	0.003480499905796646	0.0014736544620988507	0.003742071217735351	0.0024517992840545127
@user266	male	politician	left	left	0.0028995792250204105	0.0018755887709602465	0.01145512780254977	0.0008685549205551717	0.002002135276015826	0.0017330276957859701	0.009711109715505872	0.0007435784713935817	0.0004314513596684041	0.0008421779815361427	0.0010849086227469698	0.0010886767568925454	0.002806945927275011	0.007743201657979024
@user268	male	politician	left	left	0.004480311499089368	0.0007372982478176223	0.00420994787414432	0.005288890284494128	0.004739998743955285	0.002980908120329084	0.0016554669346228726	0.001822834892922188	0.0031451359668404196	0.0044909878791684985	0.004016202976825975	0.0006553413301513533	0.0033153300257489165	0.006911072034164416
@user269	male	politician	left	moderate_left	0.005980656911386046	0.006750298310619859	0.0011505369591157445	0.0014783646297808202	0.003170570872323055	0.0012708032405953653	0.0010180242416630034	0.006004207749795892	0.0031894115430509324	0.010281354016202976	0.004241348992024116	0.0023946492495132824	0.0008864535577466557	0.0027472838033033974
@user27	female	politician	left	moderate_left	0.00566978584437606	0.00791967594046348	0.0006148338880864159	0.0015760221063869876	0.0002760158261634114	0.0008867675689254537	0.003731708848835018	0.0021983922627645544	0.00373924511712617	0.0014796206744960118	0.0025240218551780447	0.003063179049174151	0.0035068768448156757	0.0005834327702066195
@user270	male	politician	right	right	0.0009244489103812097	0.0019402750737926272	0.008961565031715128	0.0033919487533756202	0.002457451485272876	0.002507379262701752	0.007931922376436602	0.004138667336557182	0.002702380204735289	0.0013317214092821706	0.0020520630534447025	0.0043123155184324555	0.0007429504490359856	0.0034098473905671044
@user271	male	politician	left	left	0.004701375368963135	0.0015678578157382404	0.003560258745211329	0.002027256170319663	0.0024904226590466622	0.006569741882811029	0.0015279783960308988	0.004637945110845946	0.002877284431325755	0.0013992338127237329	0.007715882685423601	0.0007106072976197953	0.0018134145575582493	0.002496702882622621
@user272	male	journalist	right	right	0.0016011430006908248	0.0018890912516485588	0.0006515731960057779	0.023429630094831375	0.0010007536268291151	0.00683947748539848	0.0	0.0020015072536582303	0.002655592539094392	0.0002760158261634114	0.0002760158261634114	0.0024172580543867363	0.0013364315769641398	0.0010346668341392955
@user273	male	journalist	right	moderate_right	0.005111473968473277	0.0005645920994787415	0.0039869999371977645	0.0061194498524147455	0.013326320417006847	0.003375306160899328	0.0003438422407837719	0.0010368649123908811	0.0033398228976951583	0.002157570809520819	0.0013860453432142186	0.00129937825786598	0.001884067072787791	0.0023434654273692145
@user274	female	politician	right	moderate_right	0.0005435533504992778	0.0004195189348740815	0.0027645544181372854	0.003674244803114991	0.0030455944231614646	0.016174715819883185	0.0074646737423852295	0.0020347924386108144	0.0006248822458079508	0.002135904038183759	0.00038026753752433586	0.0	0.002663442818564341	0.005132512717452741
@user275	female	politician	right	moderate_right	0.000666959743766878	0.0012221315078816805	0.008887144382340012	0.0016228097720278843	0.0003385040507442065	0.002979024053256296	0.005224203981661747	0.0038814921811216483	0.006143000690824594	0.0003714752245179928	0.0006292784023111223	0.0021867738491490297	0.001990202851221504	0.0086419016516988
@user276	male	journalist	left	moderate_left	0.0005127802549770772	0.005036425296740564	0.0017415059976135152	0.0029988067575205677	0.0009191107203416443	0.0038083275764617223	0.002139672172329335	0.004922125227658105	0.0035093889342460586	0.000991019280286378	0.001100609181686868	0.004778308107768636	0.001831627205928531	0.003907241097783081
@user277	male	politician	left	left	0.003219556616215538	0.001029642655278528	0.007495446837907429	0.002275953023927652	0.0024926207372982477	0.0026417760472272813	0.005079444828235885	0.001940903096150223	0.00516045971236576	0.0017719650819569177	0.0041191986434717075	0.0010415750800728506	0.002483200401934309	0.005289518306851724
@user28	male	journalist	left	left	0.0018711926144570747	0.0015951767882936632	0.0006952207498586949	0.0028644099729950388	0.011589210575896501	0.0017980280097971487	0.0003557746655780946	0.002670665075676694	0.015686742448031147	0.0035995101425610747	0.002338755259687245	0.0022272812912139677	0.0012321798656032153	0.001109715505872009
@user280	male	politician	left	moderate_left	0.0029485649689128934	0.002809458016705395	0.0013737989072410979	0.0031002323682723107	0.004145575582490737	0.0038312503925139736	0.004958864535577466	0.009513596684041952	0.0008873955912830496	0.0013948376562205615	0.001145826791433775	0.0038136657665012877	0.001129184198957483	0.005738868303711612
@user281	male	journalist	left	left	0.0012149092507693275	0.002979024053256296	0.004179174778622119	0.0	0.0011671795515920365	0.004503862337499214	0.0013417697670037054	0.008624317025686114	0.0057351001695660365	0.0006933366827859071	0.0012924700119324249	0.005130000628022357	0.001505683602336243	0.001479620674496012
@user282	male	politician	left	left	0.00046034038811781697	0.0016790177730327197	0.0033567795013502476	0.00809740626766313	0.00044338378446272687	0.004416253218614582	0.0033624317025686113	0.0016758776612447403	0.0028662940400678264	0.0	0.007587766124474031	0.002118633423349871	0.004618476417760473	0.0055338190039565405
@user283	female	politician	right	right	0.001309426615587515	0.0023174024995289834	0.0022878854487219744	0.0024696979212459965	0.0024376687810086037	0.0036073604220310243	0.007933178421151793	0.00532719964830748	0.005580606669597438	0.004707341581360297	0.004508886516359983	0.0012714312629529612	0.001019594297556993	0.0030286378195063745
@user284	male	politician	left	left	0.0037320228600138164	0.000667273754945676	0.003083589775796018	0.002957671293098035	0.007456195440557684	0.002936318532939773	0.0003498084531809332	0.008764366011430007	0.0003039628210764303	0.0036544620988507187	0.004853984801858946	0.000757080952081894	0.0003385040507442065	0.006175029831061985
@user285	male	politician	right	moderate_right	0.003636249450480437	0.002294165672297934	0.0027855931671167495	0.007903661370344784	0.005142247063995478	0.002663128807385543	0.0007146894429441688	0.005763361175657853	0.0034789298499026565	0.0010594737172643345	0.0	0.0019336808390378697	0.002285059348112793	0.008252213778810526
@user287	female	politician	left	moderate_left	0.007809458016705396	0.004463668906613075	0.0036814670602273443	0.003238083275764617	0.00265590655027319	0.00250769327388055	0.0027067763612384603	0.002400929473089242	0.0003174653017647428	0.0017339697293223641	0.0041945613263832185	0.0008732650882371412	0.003051246624379828	0.0013417697670037054
@user289	male	politician	left	moderate_left	0.00432864409972995	0.010490171450103624	0.0006050995415436788	0.0016237518055642781	0.002284745336933995	0.0026392639577968975	0.003032719964830748	0.005379325503987942	0.0006826603027067763	0.00341361552471268	0.0009404634804999057	0.007651824404948816	0.000731332035420461	0.0010616717955159204
@user29	male	politician	right	moderate_right	0.002378320668215789	0.00035514664322049865	0.002300759907052691	0.0038048734534949446	0.008474847704578283	0.00342900207247378	0.0027852791559379517	0.007954217170131258	0.004166300320291402	0.002811970106135778	0.002300759907052691	0.002471581988318784	0.00258179991207687	0.0032848709414055144
@user290	male	politician	left	left	0.0069628838786660804	0.0027036362494504804	0.004599321735853796	0.0016149594925579352	0.002065251522954217	0.0026150850970294544	0.0022326194812535326	0.0015816743076053508	0.0010368649123908811	0.002491050681404258	0.006473340450920052	0.0024078377190227974	0.0026734911762858757	0.00420523770646235
@user293	male	politician	right	moderate_right	0.005165483891226528	0.0016925202537210321	0.0066476166551529235	0.0023764366011430004	0.003913521321359041	0.0021271117251774165	0.0025321861458267913	0.00818972555422973	0.002391509137725303	0.0021541166865540412	0.0015050555799786473	0.0025676694090309613	0.0018649123908811153	0.005975004710167682
@user294	female	politician	right	moderate_right	0.0017904917415059976	0.009023739245117126	0.0022241411794259877	0.0005881429378885889	0.001264837028198204	0.0025956164039439805	0.003856057275639013	0.004169440432079383	0.0004659925893361804	0.0015898385982540978	0.0005755824907366702	0.0023048420523770646	0.0020683916347421965	0.0009812849337436412
@user295	male	politician	left	moderate_left	0.0021158073227406896	0.004821955661621555	0.0024772341895371473	0.0029909564780506185	0.004364755385291716	0.0024872825472586823	0.003364001758462601	0.0020015072536582303	0.0022140928217044527	0.0032173585379639516	0.004251711360924449	0.0011473968473277648	0.002938830622370156	0.009552848081391696
@user297	male	politician	right	moderate_right	0.010490171450103624	0.0008258494002386486	0.004886955975632733	0.0016633172140928215	0.009062676631288074	0.0006522012183633738	0.0011533630597249263	0.004956666457325881	0.0	0.003118131005463795	0.0016359982415373986	0.0011263580983483013	0.0020523770646235003	0.009783332286629405
@user298	male	politician	right	moderate_right	0.002671607109213088	0.011219933429630095	0.003372166049111349	0.000758965019154682	0.004080575268479558	0.0014077121145512782	0.007185831815612637	0.003276706650756767	0.0012309238208880237	0.0024172580543867363	0.0008007285059348113	0.004774539973623061	0.0003243735476982981	0.0025469446712302955
@user299	female	politician	right	moderate_right	0.004506060415750801	0.0011565031715129058	0.003032719964830748	0.008267600326571626	0.0029030333479871883	0.0049359417195252156	0.002600012560447152	0.0019556616215537274	0.004299755071280538	0.0008145449978019218	0.0018997676317276896	0.0014815047415687999	0.0015421088990768069	0.00543521949381398
@user3	male	politician	left	left	0.003871129812221315	0.0026948439364441372	0.0031982038560572756	0.0010255605099541544	0.0022313634365383407	0.004744080889279658	0.002805375871381021	0.0020366765056836025	0.000965584374803743	0.0012463103686491239	0.0017641148024869684	0.0029498210136280852	0.00400144445142247	0.00809552220059034
@user30	female	politician	left	moderate_left	0.02633486152107015	0.002686365634616592	0.0	0.011836965395968096	0.000622370156377567	0.0006744960120580292	0.0007112353199773912	0.00206022734409345	0.0010688940526282736	0.0015185580606669599	0.0008114048860139421	0.0011674935627708348	0.002074357847139358	0.0
@user300	male	politician	right	moderate_right	0.002126169691641023	0.005410098599510143	0.0016560949569804685	0.002790617345977517	0.001789863719148402	0.0025855680462224455	0.004375431765370847	0.003411731457639892	0.001039691013000063	0.002346605539157194	0.0013590403818375934	0.0023670162657790615	0.005906550273189725	0.0035539785216353705
@user301	male	politician	right	moderate_right	0.004157508007285059	0.00770677636123846	0.003049990579664636	0.0034698235257175154	0.002068705645920995	0.00036017082208126606	0.00120674496012058	0.005016956603655091	0.0003281416818438736	0.0045035483263204164	0.0013894994661809961	0.01459743766878101	0.0007809458016705394	0.0010522514601519815
@user304	male	journalist	right	moderate_right	0.0008651007975883941	0.0006041575080072851	0.005000628022357596	0.0020614833888086418	0.003309049802172958	0.007926898197575832	0.0003498084531809332	0.00628995792250204	0.007069019657099792	0.0011885323117502983	0.00048483326006405834	0.002210638698737675	0.0013329774539973622	0.0007093512529046034
@user306	male	politician	right	moderate_right	0.0023940212271556867	0.022101362808515983	0.0010481693148276078	0.0007548828738303084	0.0015835583746781384	0.0008550524398668592	0.003569051058217673	0.004319851786723607	0.0005187464673742385	0.0028226464862149093	0.0013935816115053696	0.006936506939647051	0.0	0.00033253783834704515
@user309	female	politician	left	left	0.005547007473466055	0.0014111662375180557	0.002237329648935502	0.0015691138604534323	0.004690698988884004	0.005633046536456699	0.003230232996294668	0.0016429064874709538	0.0039279658355837474	0.005039251397349746	0.0025912202474408087	0.003428060038937386	0.0033278904729008353	0.001708534823839729
@user31	male	politician	right	moderate_right	0.0017795013502480688	0.005635244614708284	0.0031598944922439235	0.001615587514915531	0.001977014381711989	0.0030377441436915155	0.002708032405953652	0.007200276329837342	0.0016567229793380642	0.0	0.0010491113483640018	0.007749795892733781	0.002463103686491239	0.0032811028072599383
@user311	male	journalist	left	moderate_left	0.0018727626703510646	0.0014654901714501035	0.001633486152107015	0.0066495007222257116	0.002122715568674245	0.0026449161590152612	0.0027802549770771837	0.0035379639515166744	0.003766564089681593	0.0016940903096150223	0.0015000314011178798	0.004998429944106011	0.0009326132010299566	0.007687307668152987
@user313	male	politician	left	moderate_left	0.002213778810525655	0.004647365446209885	0.002099792752621993	0.00422533442190542	0.0037524335866356844	0.0014008038686177226	0.003906927086604283	0.004024053256295924	0.0020633674558814294	0.0035169252025372103	0.0021340199711109716	0.003604220310243045	0.0025931043145135967	0.004938453808955599
@user314	male	politician	right	moderate_right	0.0013072285373359291	0.0030553287697042014	0.0068102744457702695	0.0020665075676694093	0.0011430006908245934	0.003970043333542674	0.007653394460842807	0.004650819569176663	0.0016297180179614397	0.002361992086918294	0.0024081517302015952	0.0014648621490925076	0.002625447465929787	0.0016089932801607737
@user315	female	politician	left	moderate_left	0.0025912202474408087	0.005236450417634868	0.0033272624505432395	0.0021691892231363434	0.0030757394963260697	0.0027758588205740124	0.0023208566224957607	0.002106072976197953	0.006074860265025435	0.0011144256735539785	0.005305218865791622	0.0022643346103121274	0.0022580543867361676	0.005002512089430384
@user316	male	politician	left	moderate_left	0.0013163348615210701	0.008336996797085976	0.0021987062739433527	0.002573635621428123	0.0013587263706587955	0.004449224392388369	0.0015414808767192111	0.0049808453180933245	0.002133391948753376	0.004798404823211706	0.0033467311436287134	0.004973309049802173	0.0026207372982478177	0.003452238899704829
@user317	female	politician	left	moderate_left	0.00887678201343968	0.0057329020913144514	0.0007112353199773912	0.006062927840231112	0.0019409030961502229	0.0007652452427306412	0.0065336305972492625	0.0008393518809269609	0.0006418388494630409	0.00418357093512529	0.00430697732839289	0.0012425422345035482	0.0017502983106198581	0.0009376373798907241
@user318	female	journalist	right	moderate_right	0.001942787163223011	0.0007416944043207938	0.004242919047918106	0.007403441562519625	0.0017009985555485772	0.0046517616027130565	0.0023943352383344846	0.005816115053695912	0.004408716950323431	0.0019697921245996355	0.0009781448219556615	0.0011150536959115742	0.002934120454688187	0.006960999811593292
@user319	male	politician	right	right	0.0029871883439050433	0.002130565848144194	0.006343653834076493	0.002030396282107643	0.007260252464987753	0.003774100357972744	0.0031253532625761483	0.0026216793317842112	0.0028019217484142435	0.005503673930791936	0.0008588205740124347	0.002418514099101928	0.0022637065879545313	0.0019160962130251838
@user32	male	politician	right	right	0.0010710921308798593	0.004469635119010237	0.009222508321296239	0.001542422910255605	0.0017666268919173523	0.003779752559191107	0.002057715254663066	0.005692708660428311	0.0036214909250769324	0.0	0.0017524963888714436	0.0038758399799032847	0.0006826603027067764	0.006224643597312065
@user321	male	politician	left	left	0.0010145701186962256	0.0003381900395654085	0.004452050492997551	0.00260189662751994	0.0027171387301387928	0.005761163097406268	0.0017345977516799599	0.0032807887960811404	0.0034038811781699433	0.00031212711172517744	0.002768322552282861	0.0056559693525089485	0.0022162908999560386	0.009386422156628776
@user322	female	politician	left	moderate_left	0.0013094266155875148	0.01150474156879985	0.001957231677447717	0.0010723481755950514	0.0	0.0025701814984613455	0.0036218049362557307	0.0031184450166425923	0.00929159078063179	0.00037681341455755824	0.004881303774414369	0.002102932864409973	0.001783583495572442	0.0
@user323	male	politician	left	moderate_left	0.0018740187150662565	0.007248320040193431	0.001262638949946618	0.0007231677447717138	0.002500157005589399	0.005767129309803429	0.0039041009859951017	0.0019738742699240094	0.0029328644099729955	0.001352446147082836	0.0014664322049864975	0.0009853670790680147	0.0012670351064497896	0.009424731520442127
@user324	male	politician	left	moderate_left	0.0025510268165546694	0.0029988067575205677	0.0074508572505181175	0.0008305595679206179	0.0017729071154933113	0.0016061671795515923	0.0012233875525968726	0.010884569490673868	0.0021996483074797463	0.0	0.004794950700244929	0.0005934811279281543	0.0026157131193870506	0.00808955598819318
@user325	female	politician	left	moderate_left	0.0016551529234440747	0.004031275513408278	0.002011241600200967	0.0033178421151793007	0.000541983294605288	0.00520818941154305	0.006960999811593292	0.0013668906613075425	0.0025218237769264584	0.0017716510707781199	0.0031278653520065316	0.0016495007222257112	0.001445393456007034	0.007827356653896878
@user326	female	journalist	left	moderate_left	0.0008358977579601833	0.0038026753752433587	0.0015565534133015135	0.0029404006782641464	0.0020552031652326824	0.004513910695220749	0.002374552534070213	0.004053884318281731	0.0039031589524587077	0.001480248696853608	0.001688124097217861	0.005638698737675062	0.0005526596746844187	0.0013147648056270804
@user327	female	politician	left	left	0.00281950637442693	0.002440180870438988	0.00484111034352823	0.0027915593795139106	0.0013662626389499468	0.0028399171010487973	0.006302832380832758	0.0047268102744457705	0.002096024618476418	0.0010001256044715192	0.008113734848960623	0.001840105507756076	0.002454311373484896	0.0018564340890535702
@user329	female	politician	left	left	0.002190855994473403	0.00037555736984236636	0.0023999874395528482	0.0019983671418702504	0.002083464171324499	0.0003328518495258431	0.005509954154367895	0.002191798028009797	0.0074690698988884	0.0038055014758525403	0.015828989512026628	0.0010029517050807008	0.0021418702505809207	0.0009131445079444828
@user331	male	politician	left	moderate_left	0.0032968033661998366	0.002404697607234818	0.003969729322363876	0.0034443886202348804	0.005381837593418325	0.002741945613263832	0.008006971048169316	0.0008820574012434844	0.0035370219179802803	0.002025686114425674	0.006579790240532563	0.0003111850781887835	0.000810776863656346	0.006205174904226591
@user332	male	politician	right	right	0.003483326006405828	0.0006660177102304842	0.007768322552282861	0.0014972053005086982	0.004985555485775294	0.0021603969101300006	0.006400175846260126	0.002697356025874521	0.0064058280474784905	0.000558939898260378	0.0025032971173773785	0.002033850405074421	0.0006719839226276456	0.003243107454625384
@user333	female	politician	left	left	0.005923506876844816	0.0019644539345600705	0.001600514978333229	0.0010754882873830309	0.005485147271242856	0.001670853482383973	0.0013116246938391007	0.002727501099039126	0.00431482760786284	0.0	0.004434779878163663	0.004702631413678327	0.002237329648935502	0.005998241537398731
@user334	female	politician	right	right	0.0021340199711109716	0.0026577906173459774	0.00523456635056208	0.0038557432644602146	0.0030832757646172206	0.003686177227909313	0.0015744520504929976	0.0037810086039062993	0.009136469258305595	0.0009781448219556615	0.003165546693462287	0.0024166300320291405	0.00250769327388055	0.0016689694153111851
@user335	female	politician	right	moderate_right	0.01315738240281354	0.0040523142623877404	0.0	0.0016250078502794698	0.005422031024304465	0.0002822960497393707	0.004206179739998744	0.0011436287131821891	0.0010764303209194247	0.008835332537838346	0.002841173145763989	0.0030842177981536137	0.0	0.0016180996043459145
@user336	male	politician	right	moderate_right	0.007248948062551028	0.003296175343842241	0.0017201532374552537	0.004506374426929599	0.003477987816366263	0.001631602085034227	0.0037313948376562203	0.002247378006657037	0.0006814042579915845	0.014020913144507943	0.0009128304967656849	0.0015455630220435846	0.0011288701877786849	0.0021010487973371853
@user337	female	politician	left	left	0.004437605978772844	0.0013901274885385919	0.0012657790617345978	0.002537838347045155	0.0019437291967594047	0.003872071845757709	0.0035904038183759346	0.005598191295610123	0.008313759969854928	0.0010544495384035672	0.003795453118131006	0.00357093512529046	0.0028468253469823524	0.0011323243107454624
@user338	male	journalist	left	moderate_left	0.001776675249638887	0.003964391132324311	0.001806506311624694	0.0016400803868617724	0.001714815047415688	0.0034377943854801227	0.0003799535263455379	0.007164479055454373	0.001985492683539534	0.0003381900395654085	0.0003124411229039754	0.012270928845066885	0.0011951265465050555	0.00810337248006029
@user339	female	politician	left	left	0.018253469823525718	0.0031278653520065316	0.0012598128493374364	0.0003862337499214972	0.0023186585442441753	0.0	0.0011225899642027257	0.008949632606920806	0.0026094328958110907	0.001704138667336557	0.008182817308296175	0.001525466306600515	0.0017254914274948186	0.0
@user34	female	politician	right	moderate_right	0.012545688626515103	0.005134082773346731	0.0012698612070589713	0.0018231489041009858	0.005233310305846888	0.0020818941154305093	0.002123029579853043	0.00034352822960497393	0.0006657036990516863	0.004581109087483515	0.0013672046724863404	0.0010340388117816995	0.0014761665515292345	0.0037134962004647365
@user340	male	politician	right	right	0.004936569741882811	0.0030097971487784967	0.006327011241600201	0.002065251522954217	0.0034638573133203543	0.002165735100169566	0.002004961376625008	0.00032751365948627774	0.00035514664322049865	0.009286566601771021	0.001461722037304528	0.0008986999937197764	0.0018727626703510646	0.009234440746090561
@user341	female	journalist	right	right	0.0005806066695974377	0.0006848583809583622	0.0003714752245179928	0.0007369842366388243	0.0	0.0012189913960937008	0.0003896878728882748	0.0018589461784839537	0.004963260692080638	0.0012101990830873579	0.0	0.0024235382779626957	0.000460654399296615	0.002406267663128807
@user341	female	politician	right	right	0.0003498084531809332	0.0002822960497393707	0.0011587012497644917	0.002357909941593921	0.0007212836776989261	0.001093700935753313	0.0003328518495258431	0.001534572630785656	0.004410287006217421	0.0008374678138541731	0.0	0.0006829743138855744	0.0010864786786409597	0.002294165672297934
@user342	female	politician	left	moderate_left	0.0068529799660867925	0.008428060038937386	0.0036864912390881114	0.003484268039942222	0.001723607360422031	0.0010513094266155875	0.0017559505118382216	0.006088990768071343	0.0025108333856685297	0.0036494379199899516	0.004084343402625134	0.002879796520756139	0.001499717389939082	0.002004333354267412
@user343	female	politician	left	moderate_left	0.00702474408088928	0.0025362682911511648	0.0036274571374740943	0.0035071908559944735	0.0007727815110217923	0.0013471079570432708	0.004049802172957357	0.001525466306600515	0.0017270614833888088	0.001347735979400867	0.00914965772781511	0.0010089179174778621	0.004212459963574703	0.003836588582553539
@user344	male	politician	left	left	0.0030559567920617975	0.0014723984173836589	0.0013546442253344218	0.001020222319914589	0.0032252088174339	0.0024593355523456636	0.0010447151918608303	0.002329648935502104	0.00540413238711298	0.007274068956854863	0.004634176976700371	0.00501067638007913	0.00796457953903159	0.000740124348426804
@user347	male	politician	left	left	0.0009637003077309551	0.0	0.003519751303146392	0.020859134585191234	0.0025064372291653584	0.002681341455755825	0.0021993342963009485	0.0006606795201909188	0.0007699554104126107	0.0011125416064811907	0.003982603780694593	0.0009068642843685236	0.0031470200339132073	0.0038391006719839223
@user348	male	journalist	right	right	0.0	0.0003438422407837719	0.001012686051623438	0.0023990454060164542	0.0019208063807071535	0.0007087232305470075	0.0007115493311561892	0.001326383219242605	0.0028257865980028892	0.0003962821076430321	0.0	0.028519123280788795	0.0	0.0010500533819003956
@user349	male	politician	right	moderate_right	0.006321987062739434	0.010016328581297494	0.006197010613577843	0.0005300508698109653	0.006347735979400868	0.000306788921685612	0.002401557495446838	0.004640457200276329	0.0004999057966463606	0.0017955159203667651	0.0016306600514978333	0.0003438422407837719	0.0020344784274320166	0.0017305156063555861
@user35	male	journalist	right	right	0.0012651510393770018	0.001309112604408717	0.0023202286001381646	0.005544495384035671	0.006331721409282171	0.004339948502166677	0.00037178923569679083	0.0003381900395654085	0.0025368963135087613	0.0041666143314702	0.0014918671104691328	0.0077472838033033975	0.002833636877472838	0.004374803743013252
@user350	male	journalist	right	right	0.0010955850028261007	0.0009881931796771964	0.007657162594988381	0.0026728631539282796	0.001201720781259813	0.00545531620925705	0.0006569113860453432	0.005592853105570558	0.0066152735037367325	0.002069019657099793	0.0002954845192488853	0.0059222508321296235	0.0019295986937134964	0.002428562456823463
@user351	female	journalist	left	moderate_left	0.0006726119449852415	0.005341958173710984	0.0002672235131570684	0.006307856559693525	0.002891728945550462	0.0038353325378383475	0.0016218677384914901	0.0018737047038874582	0.003843810839665892	0.000596307228537336	0.0011517930038309364	0.0021346479934685673	0.0009370093575331283	0.0018200087923130066
@user352	male	politician	right	right	0.001074860265025435	0.008994536205488915	0.0037317088488350186	0.003620234880361741	0.002699554104126107	0.0025774037555736985	0.0006289643911323243	0.007525277899893237	0.0022668466997425108	0.001417446461094015	0.0003655090121208315	0.0041901651698800476	0.0031576964139923384	0.0021217735351378507
@user354	male	politician	left	left	0.009247001193242479	0.0010202223199145888	0.010728819945990078	0.0006305344470263142	0.0023789486905733846	0.0013499340576524524	0.0022885134710795706	0.0003664510456572254	0.0011131696288387866	0.001760346668341393	0.009657099792752623	0.0007256798342020977	0.004395214469635119	0.0015706839163474218
@user355	female	politician	right	right	0.007263706587954531	0.00436883753061609	0.007420398166174716	0.00032657162594988383	0.001990202851221504	0.003499026565345726	0.003654776110029517	0.00459712365760221	0.003690887395591283	0.0035753312817936324	0.001453557746655781	0.0022351315706839164	0.000686428436852352	0.002366388243421466
@user357	female	politician	right	right	0.0010827105444953839	0.0018316272059285313	0.0014749105068140426	0.0017386798970043334	0.003350185266595491	0.0023337310808264774	0.0034519248885260313	0.006259498838158639	0.007643346103121271	0.00207404383596056	0.004213401997111097	0.005042391509137725	0.0018284870941405516	0.002218488978207624
@user359	male	politician	left	left	0.0028179363185329397	0.001855806066695974	0.005555799786472398	0.0011615273503736733	0.003652578031777931	0.001830371161213339	0.004521446963511901	0.0039157193996106265	0.003993280160773723	0.0006424668718206368	0.004557872260252465	0.0003080449664008039	0.0026744332098222697	0.008696225585630848
@user361	male	politician	right	right	0.0008063807071531745	0.0008748351441311311	0.010335677950135024	0.0021968222068705647	0.005057464045720028	0.0030333479871883437	0.002735979400866671	0.0006471770395026063	0.006959743766878101	0.0023123783206682154	0.00260189662751994	0.0021161213339194874	0.0023987313948376564	0.005033285184952584
@user362	female	politician	right	moderate_right	0.0015769641399233812	0.002670665075676694	0.0025846260126860515	0.012294165672297934	0.011023990454060164	0.001490297054575143	0.001652640834013691	0.00513282672863154	0.0014030019468693085	0.006607737235445582	0.0012874458330716574	0.0013505620800100483	0.0010359228788544871	0.0016023990454060164
@user364	female	journalist	left	moderate_left	0.0007749795892733781	0.005107391823148904	0.0004204609684104754	0.0034258619606858005	0.0009065502731897256	0.0048307479746278964	0.0012475664133643157	0.008231803052188657	0.003985743892482572	0.0021252276581046285	0.0013185329397726558	0.00659423475475727	0.002100420774979589	0.0019547195880173338
@user365	female	politician	left	moderate_left	0.010130628650379954	0.004753501224643597	0.0008823714124222823	0.005522828612698612	0.0011251020536331092	0.0006427808829994348	0.0013888714438234002	0.0043631853293977264	0.0024565094517364815	0.0	0.007936946555297369	0.0	0.004486591722665327	0.0018639703573447217
@user366	male	politician	right	moderate_right	0.006422470639954782	0.002005589398982604	0.002174527413175909	0.0013797651196382592	0.011308798593229918	0.0013533881806192301	0.0034757897381146765	0.0038500910632418514	0.0007071531746530177	0.0025748916661433147	0.001128556176599887	0.0008365257803177794	0.00227312692331847	0.007203730452804119
@user367	female	politician	left	moderate_left	0.00750612321798656	0.010029831061985808	0.0038114676882497014	0.0007203416441625321	0.0014865289204295674	0.0014956352446147084	0.003370910004396157	0.001129184198957483	0.0021547447089116374	0.0020376185392199965	0.007968975695534761	0.0018256609935313698	0.0011141116623751806	0.0026424040695848775
@user369	male	politician	left	moderate_left	0.003933932047980908	0.008266344281856432	0.0041129184198957485	0.0022897695157947625	0.0015059976135150413	0.001073918231489041	0.0008600766187276266	0.007656848583809585	0.0019506374426929598	0.0011891603341078942	0.0033665138478929852	0.00397381146768825	0.003586635684230358	0.004352194938139797
@user37	male	politician	left	moderate_left	0.0004261131696288387	0.003156440369277146	0.0017210952709916475	0.03145606983608616	0.0015816743076053508	0.0026697230421403	0.00034447026314136784	0.0031143628713182193	0.0003381900395654085	0.0017889216856120079	0.0006826603027067764	0.0016988004772969915	0.0010092319286566602	0.0011960685800414496
@user371	male	politician	right	moderate_right	0.003919173522577404	0.0016642592476292157	0.006959743766878101	0.0029661495949255792	0.005200025120894304	0.002329334924323306	0.0046008917917477864	0.0023767506123217983	0.0010148841298750235	0.0014095961816240658	0.000991019280286378	0.0021070150097343464	0.002697670037053319	0.008473905671041889
@user375	male	politician	right	moderate_right	0.003780694592727501	0.003959994975821139	0.0026599886955975633	0.0040947057715254665	0.0017744771713873015	0.0012604408716950322	0.001670539471205175	0.0019528355209445455	0.0010208503422721848	0.0013103686491239088	0.0	0.0031228411731457637	0.0013935816115053694	0.015544181372856871
@user376	female	politician	left	moderate_left	0.004713307793757458	0.0030685172392137163	0.003802989386422157	0.002057401243484268	0.002460905608239653	0.0006933366827859071	0.00216667713370596	0.0007156314764805627	0.0012463103686491239	0.009142121459523958	0.002939144633548954	0.005563022043584751	0.0029005212585568045	0.0028125981284933743
@user379	female	politician	right	right	0.0013508760911888464	0.0045804810651259185	0.004214972053005087	0.0015289204295672928	0.002102618853231175	0.004951642278465113	0.0037854047604094707	0.004641713244991521	0.0037043898762795955	0.0	0.0006258242793443446	0.0025419204923695284	0.0010481693148276078	0.002818564340890536
@user380	female	politician	left	left	0.0022935376499403377	0.004262701752182377	0.0006807762356339886	0.0026694090309615018	0.0019402750737926272	0.005314953212334359	0.0020366765056836025	0.002480688312503925	0.007101990830873578	0.0029714877849651446	0.002739119512654651	0.0022888274822583684	0.0042746341769767	0.002751993970985367
@user381	male	politician	left	left	0.003341706964767946	0.0038463229290962766	0.0036601143000690823	0.001605853168372794	0.0013414557558249075	0.002617597186459838	0.003469509514538717	0.0056393267600326575	0.008324750361112855	0.0009712365760221065	0.006820636814670602	0.002582113923255668	0.00037775544809395215	0.0010663819631978899
@user382	female	politician	right	moderate_right	0.003362117691389813	0.0039050430195314953	0.0006619355649061106	0.0005881429378885888	0.0010616717955159202	0.0013295233310305847	0.0018542360108019847	0.0033715380267537527	0.0070033913207310184	0.001300006280223576	0.012292281605225146	0.00122684167556365	0.002664070840921937	0.0021789235696790805
@user383	female	politician	left	left	0.000793820260001256	0.0013458519123280789	0.004233812723732965	0.002907743515669158	0.0032820448407963323	0.005671041889091252	0.003889656471770395	0.004075865100797589	0.004004584563210451	0.002132449915216982	0.0055196885009106324	0.002984676254474659	0.0015706839163474218	0.003070087295107706
@user385	female	politician	left	left	0.00499685988821202	0.0010346668341392955	0.0027840231112227594	0.0014667462161652954	0.005085411040633046	0.0015848144193933305	0.0006886265151039377	0.006042203102430446	0.0037778684921183194	0.004698863279532751	0.00517898637191484	0.0037131821892859383	0.002299503862337499	0.0049321735853796395
@user387	female	journalist	left	moderate_left	0.0014193305281668025	0.0018159266469886328	0.0027997236701626576	0.004839226276455442	0.0006980468504678767	0.005102681655466935	0.0012014067700810147	0.0026951579476229355	0.0055708723230547	0.002339383282044841	0.0020903724172580546	0.006609935313697167	0.002823588519751303	0.005174590215411668
@user388	male	politician	left	moderate_left	0.0011593292721220874	0.005947999748791057	0.003545186208629027	0.003902844941279909	0.0010811404886013943	0.0036277711486528918	0.00382402813540162	0.002930666331721409	0.0027670665075676696	0.0014501036236890035	0.004589587389311059	0.0021742134019971113	0.0015644036927714628	0.003827482258368398
@user389	female	politician	right	right	0.005055265967468443	0.0025237078439992464	0.003910067198392263	0.003802989386422157	0.008647239841738366	0.005317151290585945	0.0050907492306726115	0.0033888086415876408	0.003805187464673742	0.0016482446775105191	0.002111725177416316	0.0004314513596684041	0.002141556239402123	0.0011744018087043897
@user39	female	politician	left	moderate_left	0.009905796646360609	0.003862023488036174	0.00459429755699303	0.004111662375180556	0.0003711612133391949	0.0	0.01119889468065063	0.00610814544997802	0.0011313822772090686	0.001117879796520756	0.0045073164604659925	0.0003896878728882748	0.0002926584186397036	0.0
@user390	male	politician	right	moderate_right	0.012652138416127615	0.0023073541418074483	0.0027482258368397914	0.007878540476040948	0.00442127739747535	0.004368523519437292	0.0047757960183382525	0.0013690887395591284	0.0012494504804371036	0.0011238460089179174	0.0009988695597563273	0.0013590403818375934	0.0	0.001256044715191861
@user391	male	politician	left	moderate_left	0.0016765056836023364	0.0	0.001093072913395717	0.0012422282233247504	0.0014918671104691328	0.0021939961062613826	0.006259812849337436	0.0006547133077937575	0.002325252778998932	0.001955975632732525	0.010454060164541859	0.0012262136532060542	0.0017791873390692707	0.004938767820134397
@user393	male	politician	right	right	0.0013018903472963638	0.0008032405953651951	0.001533316586070464	0.0018762167933178422	0.005012246435973121	0.0019437291967594047	0.0030923820888023616	0.01839822897695158	0.0016202976825975006	0.005115870124976449	0.0006650756766940903	0.0018818689945362059	0.0018931733969729323	0.004319223764366011
@user396	female	journalist	left	moderate_left	0.0003174653017647428	0.0011784839540287635	0.0003783834704515481	0.030652515229542168	0.0006967908057526847	0.003088613954656786	0.0013665766501287447	0.0007639891980154494	0.0026957859699805317	0.0019933429630094833	0.0003127551340827733	0.004500408214532438	0.0006641336431576964	0.0007272498900960873
@user397	female	politician	right	moderate_right	0.012771148652892042	0.0	0.0014444514224706399	0.0017961439427243613	0.009446398291779188	0.0030393141995855052	0.0035473842868806132	0.0003224894806255103	0.0008490862274696979	0.006120077874772342	0.002282861269861207	0.0004769829805941092	0.0011923004458958737	0.006619355649061107
@user398	female	journalist	right	moderate_right	0.001273943352383345	0.002675689254537461	0.0013835332537838348	0.002891414934371664	0.0020696476794573888	0.006177855931671167	0.005515292344407461	0.002877912453683351	0.0027058343277020663	0.00030616089932801607	0.0015801042517113609	0.0025726935878917292	0.0009897632355711863	0.01238428688061295
@user399	male	politician	right	moderate_right	0.003252527789989324	0.007546944671230296	0.0016400803868617724	0.005669157822018463	0.0027099164730264398	0.0010054637945110846	0.0	0.004198643471707593	0.0012814796206744958	0.005068768448156754	0.002697356025874521	0.002091628461973246	0.0005730704013062866	0.0
@user4	male	politician	left	left	0.001533002574891666	0.0015534133015135338	0.006071092130879859	0.0	0.0016403943980405702	0.00027758588205740125	0.00644288136657665	0.0040884255479495075	0.00283175281040005	0.007234503548326321	0.005230798216416504	0.0031404257991584504	0.0021202034792438614	0.0017575205677322111
@user40	female	journalist	left	left	0.0007212836776989261	0.0017314576398919802	0.0005573698423663882	0.0034010550775607612	0.00306631916096213	0.0054320793820260005	0.0003381900395654085	0.006038434968284871	0.006443823400113044	0.003006029014632921	0.00032751365948627774	0.009058908497142498	0.0030732274068956855	0.0003385040507442065
@user402	male	politician	left	moderate_left	0.004174150599761351	0.002945110845946116	0.0017716510707781199	0.01120046473654462	0.0008688689317339698	0.001280537587138102	0.002291025560509954	0.0053425861960685805	0.003916347421968222	0.0012478804245431136	0.0014661181938076995	0.0016253218614582679	0.001283049676568486	0.007745713747409408
@user404	male	journalist	left	moderate_left	0.001065125918482698	0.0013515041135464423	0.004035043647553853	0.006819066758776614	0.0009366953463543302	0.006901023676442882	0.000785027946994913	0.002511147396847328	0.003855115242102619	0.0021424982729385165	0.002162594988381587	0.002462475664133643	0.0030732274068956855	0.007813540162029769
@user405	female	politician	left	moderate_left	0.0046577278151102176	0.0017019405890849717	0.0010538215160459713	0.011666143314702004	0.0009976135150411355	0.0	0.0013894994661809961	0.003150474156879985	0.002176725491427495	0.0014472775230798217	0.01159549079947246	0.0003124411229039754	0.002566099353136972	0.0024976449161590152
@user406	male	journalist	right	moderate_right	0.0007162594988381587	0.008218300571500347	0.0	0.0005539157193996106	0.0005586258870815802	0.0022238271682471895	0.0005460654399296615	0.013754317653708473	0.0009988695597563273	0.002465301764742825	0.0	0.008556490611065753	0.0009297871004207752	0.0
@user407	male	politician	right	moderate_right	0.0043182817308296175	0.015968410475412927	0.0	0.002207184575770897	0.0	0.0003896878728882748	0.0	0.0003080449664008039	0.00037178923569679083	0.006264523017019406	0.00031683727940714693	0.01762073729824782	0.0022489480625510266	0.0
@user408	male	politician	right	moderate_right	0.003271054449538404	0.0019176662689191738	0.0032073101802424166	0.002752936004521761	0.009320793820260001	0.0008629027193368085	0.0027604722728129124	0.0018884632292909625	0.0007360422031024305	0.004212773974753501	0.001743076053507505	0.0037367330276957857	0.0012302957985304277	0.010196885009106324
@user409	male	politician	left	left	0.008965647177039503	0.0010048357721534886	0.005547321484644853	0.005215097657476606	0.00268667964579539	0.0013392576775733216	0.0003102430446523896	0.00030741694404320794	0.0009467437040758651	0.0007489166614331469	0.0009994975821139233	0.0010497393707215976	0.007051435031087108	0.008077623563398858
@user41	male	politician	left	moderate_left	0.00418514099101928	0.004507002449287195	0.005838723858569365	0.002516171575708095	0.0021911700056522015	0.0006402687935690511	0.000640268793569051	0.01178860767443321	0.0009891352132135902	0.004377629843622433	0.0035282296049739367	0.004554732148464485	0.0012334359103184074	0.0014114802486968536
@user410	female	politician	right	moderate_right	0.004089995603843497	0.001200778747723419	0.001905105821767255	0.000956478050618602	0.005160773723544558	0.0014972053005086982	0.012016265779061735	0.006974188281102808	0.0021939961062613826	0.003743327262450543	0.0026562205614519877	0.0039238836902593735	0.0006776361238460089	0.0022718708786032783
@user411	male	politician	left	moderate_left	0.00769609998115933	0.010295798530427683	0.000893047792501413	0.003986057903661371	0.0024326446021478362	0.0006346165923506877	0.005578094580167054	0.0014884129875023552	0.0005715003454122967	0.001579790240532563	0.003171198894680651	0.0013295233310305847	0.0013781950637442694	0.00655718143565911
@user412	female	politician	left	moderate_left	0.01602304842052377	0.013011681215851284	0.0	0.0007913081705708724	0.0019462412861897885	0.0	0.0048835018526659545	0.0013241851409910193	0.0	0.0020530050869810965	0.004191107203416442	0.003011053193493688	0.0010827105444953839	0.00031087106700998556
@user413	female	journalist	left	left	0.002751679959806569	0.0021707592790303335	0.0009423475475726934	0.002580543867361678	0.0016695974376687813	0.003931105947371726	0.002195252150976575	0.005869810965270364	0.006698800477296991	0.0013364315769641398	0.0022790931357156313	0.007506437229165357	0.0010356088676756893	0.0008525403504364755
@user414	male	politician	left	moderate_left	0.0017477862211894742	0.0009238208880236136	0.0012858757771776674	0.002363248131633486	0.000298310619858067	0.0076851095899014	0.001180996043459147	0.011946555297368587	0.0010346668341392955	0.0007482886390755511	0.0	0.014752873202286002	0.0024323305909690384	0.0010390629906424668
@user415	male	journalist	right	right	0.0006569113860453432	0.0006317904917415059	0.0017986560321547448	0.004292846825346983	0.005937951391069523	0.009680022608804873	0.0015107077811970105	0.00029642655278527916	0.005512466243798279	0.0013694027507379263	0.0005576838535451863	0.0018099604345914715	0.0013580983483011994	0.008758085787854048
@user418	male	politician	right	moderate_right	0.0031752810400050243	0.009149971738993908	0.00207404383596056	0.0037087860327827673	0.0019449852414745966	0.001698800477296992	0.0010459712365760222	0.005995729447968348	0.0015000314011178798	0.0020997927526219934	0.001317276895057464	0.006415562394021227	0.000939521446963512	0.00517427620423287
@user419	female	politician	left	moderate_left	0.01073007599070527	0.001742134019971111	0.003159580481065126	0.005933869245745149	0.0028138541732085666	0.001361866482446775	0.005412924700119325	0.00037210324687558875	0.0003714752245179928	0.003966903221754694	0.004008666708534824	0.0007250518118445017	0.001217421340199711	0.0034798718834390505
@user42	male	politician	right	moderate_right	0.00249230672611945	0.02936412736293412	0.0020332223827168247	0.0021079570432707404	0.00036048483326006403	0.0003328518495258431	0.00043427746027758585	0.005950825849400238	0.0	0.003135087609118885	0.0	0.002573635621428123	0.0019377629843622432	0.0007332161024932488
@user420	female	politician	left	moderate_left	0.0029281542422910254	0.0037367330276957857	0.001997111097155059	0.0015622056145198767	0.0003014507316460466	0.0017305156063555861	0.00922690447779941	0.010886767568925454	0.005494881617785594	0.0015895245870752998	0.006152735037367331	0.0004229730578408591	0.0038453808955598817	0.001967280035169252
@user422	female	politician	left	left	0.003618978835646549	0.004217798153614269	0.003813979777680085	0.004353136971676191	0.001679959806569114	0.0005353890598505307	0.0021490925076932737	0.0025205677322112665	0.0019814105382151602	0.003608616466746216	0.004374489731834453	0.0013229290962758274	0.007711800540099228	0.0033059096903849776
@user423	male	politician	left	left	0.004252653394460843	0.0006603655090121209	0.005164227846511336	0.0030917540664447654	0.002697670037053319	0.0003224894806255103	0.004007096652640834	0.0035458142309866226	0.002821390441499718	0.00221911700056522	0.013529171638510331	0.0010280725993845382	0.0015006594234754757	0.0024766061671795516
@user424	female	politician	left	left	0.003354581423098662	0.002393393204798091	0.001282107643032092	0.0014004898574389248	0.0032977453997362306	0.005080700872951077	0.0018149846134522388	0.0028144821955661623	0.00582867550084783	0.002806317904917415	0.004548451924888526	0.0012306098097092258	0.004365383407649312	0.0037043898762795955
@user425	male	politician	right	moderate_right	0.0032493876782013435	0.01187496074860265	0.0006810902468127865	0.0020297682597500474	0.0003658230232996295	0.0003381900395654085	0.0019117000565220122	0.005082270928845067	0.004300383093638133	0.0017820134396784525	0.0018448156754380454	0.01461722037304528	0.0022888274822583684	0.0
@user427	female	politician	left	moderate_left	0.002065251522954217	0.003166488726998681	0.003737361050053382	0.0025808578785404762	0.0003005086981096527	0.0009891352132135904	0.00215129058594486	0.0064281228411731456	0.011159015260943289	0.0009596181624065816	0.0068693085473842865	0.000995101425610752	0.0010864786786409597	0.007659046662061171
@user429	female	politician	right	moderate_right	0.004311373484896063	0.0007423224266783898	0.004115116498147334	0.0018627143126295294	0.00608804873453495	0.0008553664510456571	0.0028430572128367772	0.009550021980782517	0.001921748414243547	0.0	0.0017616027130565846	0.0009947874144319538	0.0032811028072599383	0.01228725742636438
@user430	male	politician	right	moderate_right	0.00474376687810086	0.0043826540224832	0.00397067135590027	0.01006500031401118	0.0013122527161966966	0.0006967908057526847	0.002192112039188595	0.00471456383847265	0.000704013062865038	0.005311185078188784	0.003596684041951893	0.0011156817182691704	0.0040011304402436726	0.001507253658230233
@user431	male	politician	left	moderate_left	0.004220938265402248	0.006795515920366765	0.002014695723167745	0.0029856182880110536	0.0020712177353513785	0.0055400992275325	0.003759655843748038	0.004938139797776801	0.0026069208063807074	0.0018614582679143377	0.0031642906487470957	0.0005997613515041136	0.0035514664322049863	0.0016133894366639452
@user432	female	politician	left	moderate_left	0.0036915154179488793	0.01024210261885323	0.002347861583872386	0.0003017647428248446	0.0026056647616655155	0.0006509451736481818	0.0006883125039251397	0.007465615775921622	0.0015593795139106953	0.0049971738993908185	0.0019142121459523958	0.00064968912893299	0.00414808767192112	0.002733467311436287
@user434	female	politician	right	moderate_right	0.0025243358663568425	0.004300697104816931	0.005418890912516486	0.0022414117942598758	0.002957357281919236	0.002498272938516611	0.0019377629843622432	0.0061863342334987125	0.002196508195691767	0.0013163348615210701	0.0025400364252967404	0.0017044526785153548	0.001639766375682974	0.003508132889530867
@user435	female	politician	right	moderate_right	0.00650631162469384	0.005366451045657226	0.0024207121773535136	0.002289455504615964	0.0009976135150411355	0.0016457325880801356	0.0017380518746467374	0.002682911511649815	0.0025569930289518305	0.0022200590341016142	0.0012211894743452867	0.0010541355272247694	0.002676631288073855	0.014338692457451487
@user439	female	politician	left	left	0.0036500659423475473	0.0006327325252779	0.00045531620925704956	0.008188469509514539	0.0017254914274948186	0.0007448345161087735	0.0015389687872888276	0.0002822960497393707	0.009759467437040759	0.0010233624317025685	0.010385291716385104	0.0006663317214092822	0.004272436098725114	0.0038381586384475287
@user44	female	politician	left	left	0.002229165358286755	0.0012494504804371036	0.0013690887395591284	0.0008453180933241224	0.005398480185894618	0.00104628524775482	0.0019550335991961316	0.004215286064183885	0.015143189097531871	0.0010349808453180933	0.01062362620109276	0.0013066005149783334	0.0014391132324310745	0.002891728945550462
@user440	female	politician	left	moderate_left	0.0005724423789486906	0.009117000565220123	0.0	0.00741977014381712	0.0016626891917352258	0.0026138290523142625	0.001345223889970483	0.006258242793443446	0.002708660428311248	0.001958801733341707	0.0013860453432142186	0.005996671481504741	0.0038554292532814167	0.0
@user441	male	journalist	left	left	0.0021271117251774165	0.0015549833574075237	0.003576587326508824	0.004217798153614269	0.002172643346103121	0.0035411040633046534	0.0013678326948439365	0.0024339006468630285	0.014194561326383217	0.002180179614394273	0.0004914274948188156	0.0029658355837467814	0.0003548326320417007	0.0018765308044966398
@user442	male	journalist	right	moderate_right	0.004166300320291402	0.001912642090058406	0.0007686993656974189	0.005536331093386924	0.008336682785907178	0.004091879670916285	0.0033247503611128558	0.001632544118570621	0.0041110343528229605	0.008345161087734723	0.00035514664322049865	0.0013863593543930164	0.0012083150160145703	0.004534635433021415
@user443	male	politician	right	moderate_right	0.006081454499780192	0.005559567920617974	0.005433963449098788	0.0012667210952709916	0.003993908183131319	0.0021939961062613826	0.002285059348112793	0.002556365006594235	0.0014391132324310745	0.0026948439364441372	0.0027287571437543175	0.0026656408968159266	0.0014519876907617912	0.005088237141242229
@user447	male	journalist	right	moderate_right	0.0015637756704138667	0.0022671607109213086	0.0016479306663317217	0.014917415059976135	0.0018077623563398856	0.00429473089241977	0.0013401997111097154	0.0018762167933178422	0.0027733467311436286	0.001921748414243547	0.0014959492557935065	0.002305784085913458	0.0006270803240595365	0.002869434151855806
@user448	male	politician	right	right	0.0008211392325566788	0.0019880047729699175	0.0058814293788858885	0.0019085599447340325	0.0021220875463166485	0.007586196068580043	0.0017283175281040005	0.0016180996043459145	0.003276706650756767	0.002074357847139358	0.0019462412861897885	0.003634051372228851	0.006546191044401181	0.003381900395654085
@user45	male	politician	left	left	0.005817685109589901	0.001026816554669346	0.006686554041323871	0.002498272938516611	0.001244426301576336	0.002004333354267412	0.002436098725114614	0.0050803868617722795	0.00684575770897444	0.0014168184387364192	0.004550021980782516	0.00041512277837091	0.0014117942598756514	0.00524241663003203
@user451	male	politician	left	moderate_left	0.004954782390253093	0.010231740249952898	0.0009662123971613391	0.0003017647428248446	0.001505683602336243	0.0009545939835458141	0.0047553852917163845	0.0016231237832066822	0.0026084908622746967	0.004886641964453935	0.005280411982666582	0.0003328518495258431	0.0018448156754380454	0.004117000565220122
@user452	male	journalist	left	left	0.0010710921308798593	0.0006321045029203039	0.0029727438296803365	0.0024866545249010866	0.0007303900018840669	0.007459649563524461	0.0011583872385856936	0.01782578659800289	0.0028361489669032217	0.0003319098159894492	0.001941845129686617	0.0021142372668467	0.0013982917791873393	0.00400772467499843
@user454	female	politician	right	moderate_right	0.0027855931671167495	0.0030732274068956855	0.0039788356465490175	0.0008233373108082647	0.003777554480939522	0.001435031087106701	0.0027331533002574893	0.010862274696979212	0.004045720027632984	0.0022159768887772403	0.0007586510079758839	0.0002879482509577341	0.001514475915342586	0.00924825723795767
@user455	female	politician	left	moderate_left	0.000495509640143189	0.0019525215097657477	0.00244143691515418	0.0007737235445581863	0.0007093512529046034	0.0006280223575959305	0.0007102932864409973	0.0020683916347421973	0.008158638447528732	0.000378697481630346	0.0027300131884695094	0.0003017647428248446	0.000704641085222634	0.0007887960811404887
